,Captions,link
0,"Six Senses on Instagram: â€œCelebrate life as nature intended at @SixSenses, immersed by tropical vegetation and panoramic ocean views at our private Oceanfront Poolâ€¦â€",https://www.instagram.com/reel/Clv_HuQj3LM/
1,"Wonderful Places on Instagram: â€œ@slinkythesausagepup is the cutest thing youâ€™ll see today ğŸ˜ğŸ˜ğŸ¶ğŸ¶
Tag your dog lover friends ğŸ˜ƒğŸ¶
.
ğŸ¥ âœ¨@slinkythesausagepupâœ¨
#wonderful_placesâ€¦â€",https://www.instagram.com/reel/Clu_YD1J3XB/
2,"Wonderful Places on Instagram: â€œChristmas in Athens with @travellingwithgiannis ğŸ˜ğŸ„
Tag who youâ€™d go with! ğŸ˜ğŸ™ŒğŸ¼âœ¨
.
ğŸ¥ âœ¨@travellingwithgiannisâœ¨
ğŸ“Little Kook, Athens - Greeceâ€¦â€",https://www.instagram.com/reel/CluRrYJuLgd/
3,"Wonderful Places on Instagram: â€œWith @thedxberience, you can book a stay with an unparalleled view of the Burj Khalifa.

Would you travel to Dubai?â€",https://www.instagram.com/reel/CltdKaariYd/
4,"Six Senses on Instagram: â€œCelebrate life as nature intended at @SixSenses, immersed by tropical vegetation and panoramic ocean views at our private Oceanfront Poolâ€¦â€",https://www.instagram.com/reel/Clv_HuQj3LM/
5,"Wonderful Places on Instagram: â€œ@slinkythesausagepup is the cutest thing youâ€™ll see today ğŸ˜ğŸ˜ğŸ¶ğŸ¶
Tag your dog lover friends ğŸ˜ƒğŸ¶
.
ğŸ¥ âœ¨@slinkythesausagepupâœ¨
#wonderful_placesâ€¦â€",https://www.instagram.com/reel/Clu_YD1J3XB/
6,"Wonderful Places on Instagram: â€œChristmas in Athens with @travellingwithgiannis ğŸ˜ğŸ„
Tag who youâ€™d go with! ğŸ˜ğŸ™ŒğŸ¼âœ¨
.
ğŸ¥ âœ¨@travellingwithgiannisâœ¨
ğŸ“Little Kook, Athens - Greeceâ€¦â€",https://www.instagram.com/reel/CluRrYJuLgd/
7,"Wonderful Places on Instagram: â€œWith @thedxberience, you can book a stay with an unparalleled view of the Burj Khalifa.

Would you travel to Dubai?â€",https://www.instagram.com/reel/CltdKaariYd/
8,"Wonderful Places on Instagram: â€œBeautiful Seychelles by @terplanet ğŸ˜ğŸ˜
Tag who youâ€™d go with!!!
.
ğŸ¥ âœ¨@terplanetâœ¨
ğŸ“ Seychelles ğŸ‡¸ğŸ‡¨ 
#wonderful_places for a feature â™¥ï¸â€",https://www.instagram.com/reel/CmdPqtZjnW3/
9,"Beautiful Italy ğŸ‡®ğŸ‡¹ on Instagram: â€œ@riccardo.cervia showing you the beauty of Riomaggiore. One of the stunning villages in Cinque Terre ğŸ˜ğŸ˜
Tag who youâ€™d go with!!!
.
ğŸ¥â€¦â€",https://www.instagram.com/reel/Cma9iolLiyz/
10,"Wonderful Places on Instagram: â€œ@michaelacarrot skating on the frozen forest ğŸ˜â„ï¸
The Eisweg is located in a fairytale like forest and leads you along 3km on the frozenâ€¦â€",https://www.instagram.com/reel/CmYM4sPuiWj/
11,"Wonderful Places on Instagram: ""@holidayswap
Travel the world ğŸŒ without having to spend extra on ridiculous service & cleaning fees! 

Save thousands ğŸ’°by joining millions of travelers around the world on Holiday Swap! ğŸ“²""",https://www.instagram.com/reel/CmW2g-zsxUz/
12,"Wonderful Places on Instagram: â€œChristmas market in Dresden by @hhusamsh ğŸ„ğŸ
Tag who youâ€™d go with! ğŸ˜ğŸ¥°
.
ğŸ¥ âœ¨@hhusamshâœ¨
ğŸ“ Dresden - Germany ğŸ‡©ğŸ‡ª 
#wonderful_places for a featuâ€¦â€",https://www.instagram.com/reel/CmVpk8WsED9/
13,"Wonderful Places on Instagram: â€œ@juliagal_ enjoying her winter vacation on the Italian Alps ğŸ˜â™¥ï¸
Tag who youâ€™d go with! ğŸ¥°ğŸ¥°ğŸ¥°
.
ğŸ¥ âœ¨@juliagal_âœ¨ & âœ¨@momentsofgregoryâœ¨
ğŸ“ Chaletâ€¦â€",https://www.instagram.com/reel/CmUeWWILndY/
14,"Wonderful Places on Instagram: â€œ@facundo_carrizo24 takes you to one of the most beautiful waterfalls in the world, Salto del Agrio in Argentina ğŸ˜ğŸ˜
Tag who youâ€™d go withâ€¦â€",https://www.instagram.com/reel/CmTD_QMOdee/
15,"Wonderful Places on Instagram: ""ğŸ¥ âœ¨@thevinanglo09âœ¨
Beautiful Tumalog Falls in Oslob, Cebu - Philippines.
Tag who youâ€™d go with ğŸ˜ğŸ˜ğŸ’¦ğŸ’¦
.
ğŸ“Cebu - Philippines ğŸ‡µğŸ‡­ 
#wonderful_places for a feature â™¥ï¸""",https://www.instagram.com/reel/CmQam_kOKuM/
16,"Wonderful Places on Instagram: â€œğŸ¥ âœ¨@delafuentecamâœ¨
Beautiful Marbella Old Town in Andalusia - Spain ğŸ˜ğŸ™ŒğŸ¼
Tag who youâ€™d go with! ğŸ¥°ğŸ¥°
.
ğŸ“Marbella Old Town, Andalusia - Spainâ€¦â€",https://www.instagram.com/reel/CmMWVl8JC_B/
17,"Wonderful Places on Instagram: â€œ@michutravelâ€™s floating breakfast looks so good ğŸ˜‹ğŸ¥
Tag who youâ€™d have this breakfast with ğŸ˜ğŸ™ŒğŸ¼
.
ğŸ¥ âœ¨@michutravelâœ¨
ğŸ“Maldivesâ€¦â€",https://www.instagram.com/reel/CmLKRFxMs5R/
18,"Francesca & Tommaso ğŸ‡®ğŸ‡¹ on Instagram: â€œThe Christmas magic has officially begun in Prague ğŸ„ğŸ˜ How beautiful is this view? âœ¨

ğŸ“Old Town Tower, Prague ğŸ‡¨ğŸ‡¿â€",https://www.instagram.com/reel/CmJu-tsjxDM/
19,"Wonderful Places on Instagram: ""Christmas shopping with @mylesandwillows ğŸ¶ğŸğŸ˜ƒ
Arenâ€™t they the cutest? Tag your dog lover friends ğŸ¥°
.
ğŸ¥ âœ¨@mylesandwillowsâœ¨
ğŸ“Michigan - USA ğŸ‡ºğŸ‡¸ 
#wonderful_places for a feature â™¥ï¸""",https://www.instagram.com/reel/CmHj-xCOgLu/
20,"Wonderful Places on Instagram: â€œ@holidayswap
Travel the world ğŸŒ without having to spend extra on ridiculous service & cleaning fees! 

Save thousands ğŸ’°by joining millionsâ€¦â€",https://www.instagram.com/reel/CmHPXZxJT_0/
21,"Itâ€™s the most wonderful time indeed ğŸ„ğŸ…ğŸ»ğŸ¥°
Bellagio Hotel in Las Vegas is ready for Christmas!
.
ğŸ¥ âœ¨@_letstravel_âœ¨
ğŸ“Bellagio Hotel - Lasâ€¦ | Instagram post from Suzanne Bruch (@_letstravel_)",https://www.instagram.com/reel/CmGD4LWO1eR/
22,"Wonderful Places on Instagram: â€œA perfect sunset drive with @sebpic_ ğŸ˜â„ï¸ğŸ™ŒğŸ¼
Tag who youâ€™d drive with ğŸ¥°ğŸŒ²
.
ğŸ¥ âœ¨@sebpic_âœ¨
ğŸ“Vancouver - Canada ğŸ‡¨ğŸ‡¦ 
#wonderful_places for aâ€¦â€",https://www.instagram.com/reel/CmDl7tBp69H/
23,Page not found â€¢ Instagram,https://www.instagram.com/reel/CmCC9fwpfzB/
24,"Wonderful Places on Instagram: â€œğŸ¥ by âœ¨@swiss.beautiful_âœ¨
Which do you prefer? Grindelwald in the summer time or winter time ğŸ˜ğŸŒ²â„ï¸
Tag who youâ€™d go with! ğŸ¥°ğŸ¥°ğŸ¥°
.
ğŸ“Grindelwaldâ€¦â€",https://www.instagram.com/reel/CmA5vGirkd1/
25,Wonderful Places on Instagram: â€œ@privateparadisecozumel presents you the island of your dreams ğŸ˜ From the moment you step foot @privateparadisecozumel you are treatedâ€¦â€,https://www.instagram.com/reel/Cl_hyEquj8y/
26,"Wonderful Places on Instagram: â€œDancing with the waves by @koming.darmawan ğŸŒŠ ğŸ˜How amazing is this shot taken in Uluwatu - Bali.
Tag your friends!!! ğŸ˜ğŸ™ŒğŸ¼
.
ğŸ¥â€¦â€",https://www.instagram.com/reel/Cl-Z0f-Nfir/
27,"Wonderful Places on Instagram: â€œ@alexojeda sliding down The Rampage Aqua Scoot Water Slide in California. Would you try it? ğŸ˜±ğŸ’¦
Tag who youâ€™d slide with! ğŸ˜ğŸ™ŒğŸ¼
.
ğŸ¥â€¦â€",https://www.instagram.com/reel/Cl8976buTPL/
