"Reel_Links1","Reel_Links2","Reel_Links3","Reel_Links4"
"https://www.instagram.com/reel/CmA5vGirkd1/","https://www.instagram.com/reel/Cl_hyEquj8y/","https://www.instagram.com/reel/Cl-Z0f-Nfir/","https://www.instagram.com/reel/Cl8976buTPL/"
"https://www.instagram.com/reel/Cl7xXeYJ1r7/","https://www.instagram.com/reel/Cl6SKaTPNX1/","https://www.instagram.com/reel/Cl5SNW1u9AY/","https://www.instagram.com/reel/Cl39X_mptAG/"
"https://www.instagram.com/reel/CmHPXZxJT_0/","https://www.instagram.com/reel/CmGD4LWO1eR/","https://www.instagram.com/reel/CmDl7tBp69H/","https://www.instagram.com/reel/CmCC9fwpfzB/"
"https://www.instagram.com/reel/Cl7xXeYJ1r7/","https://www.instagram.com/reel/Cl6SKaTPNX1/","https://www.instagram.com/reel/Cl5SNW1u9AY/","https://www.instagram.com/reel/Cl39X_mptAG/"
"https://www.instagram.com/reel/Cl3wDayu3EP/","https://www.instagram.com/reel/Cl2n6pjvD1a/","https://www.instagram.com/reel/Cl1oXzxLrzW/","https://www.instagram.com/reel/Cl1Koa_tnGV/"
"https://www.instagram.com/reel/Cl0LqDkugJ2/","https://www.instagram.com/reel/ClzKlmSLEiR/","https://www.instagram.com/reel/ClymPiXMDko/","https://www.instagram.com/reel/ClwyHGFsAl6/"
"https://www.instagram.com/reel/Clv_HuQj3LM/","https://www.instagram.com/reel/Clu_YD1J3XB/","https://www.instagram.com/reel/CluRrYJuLgd/","https://www.instagram.com/reel/CltdKaariYd/"
"https://www.instagram.com/reel/Clv_HuQj3LM/","https://www.instagram.com/reel/Clu_YD1J3XB/","https://www.instagram.com/reel/CluRrYJuLgd/","https://www.instagram.com/reel/CltdKaariYd/"
"https://www.instagram.com/reel/CmdPqtZjnW3/","https://www.instagram.com/reel/Cma9iolLiyz/","https://www.instagram.com/reel/CmYM4sPuiWj/","https://www.instagram.com/reel/CmW2g-zsxUz/"
"https://www.instagram.com/reel/CmVpk8WsED9/","https://www.instagram.com/reel/CmUeWWILndY/","https://www.instagram.com/reel/CmTD_QMOdee/","https://www.instagram.com/reel/CmQam_kOKuM/"
"https://www.instagram.com/reel/CmMWVl8JC_B/","https://www.instagram.com/reel/CmLKRFxMs5R/","https://www.instagram.com/reel/CmJu-tsjxDM/","https://www.instagram.com/reel/CmHj-xCOgLu/"
"https://www.instagram.com/reel/CmHPXZxJT_0/","https://www.instagram.com/reel/CmGD4LWO1eR/","https://www.instagram.com/reel/CmDl7tBp69H/","https://www.instagram.com/reel/CmCC9fwpfzB/"
"https://www.instagram.com/reel/CmA5vGirkd1/","https://www.instagram.com/reel/Cl_hyEquj8y/","https://www.instagram.com/reel/Cl-Z0f-Nfir/","https://www.instagram.com/reel/Cl8976buTPL/"
"https://www.instagram.com/reel/Cl3wDayu3EP/","https://www.instagram.com/reel/Cl2n6pjvD1a/","https://www.instagram.com/reel/Cl1oXzxLrzW/","https://www.instagram.com/reel/Cl1Koa_tnGV/"
"https://www.instagram.com/reel/Cl0LqDkugJ2/","https://www.instagram.com/reel/ClzKlmSLEiR/","https://www.instagram.com/reel/ClymPiXMDko/","https://www.instagram.com/reel/ClwyHGFsAl6/"
"https://www.instagram.com/reel/Clv_HuQj3LM/","https://www.instagram.com/reel/Clu_YD1J3XB/","https://www.instagram.com/reel/CluRrYJuLgd/","https://www.instagram.com/reel/CltdKaariYd/"
"https://www.instagram.com/reel/ClsYFuNsqaB/","https://www.instagram.com/reel/Clp0FXULcvG/","https://www.instagram.com/reel/ClnQ7_Er8dW/","https://www.instagram.com/reel/Clkov8nOAfk/"
"https://www.instagram.com/reel/CljKwuvOrs0/","https://www.instagram.com/reel/CliCPuFvgXa/","https://www.instagram.com/reel/ClfhO7SJxri/","https://www.instagram.com/reel/Clc96LcNOQn/"
"https://www.instagram.com/reel/ClbgVj1p1RP/","https://www.instagram.com/reel/ClajitJuv9d/","https://www.instagram.com/reel/ClXwl1du3-K/","https://www.instagram.com/reel/ClVJoSvM9ww/"
"https://www.instagram.com/reel/ClQGAHZuvUx/","https://www.instagram.com/reel/ClPFsH5qSEa/","https://www.instagram.com/reel/ClOyVbJv1Ip/","https://www.instagram.com/reel/ClJ18tpv9RZ/"
"https://www.instagram.com/reel/ClIcNiiMSNm/","https://www.instagram.com/reel/ClFu987PaD0/","https://www.instagram.com/reel/ClEY_mrNvCN/","https://www.instagram.com/reel/ClDLchJt0E2/"
"https://www.instagram.com/reel/ClBnLotrta3/","https://www.instagram.com/reel/ClA0MJygdH-/","https://www.instagram.com/reel/Ck-AROVL2Bj/","https://www.instagram.com/reel/Ck8ep8dux-G/"
"https://www.instagram.com/reel/Ck6MLHGuc_a/","https://www.instagram.com/reel/Ck43KQ6vWhV/","https://www.instagram.com/reel/Ck3UpIMsCdQ/","https://www.instagram.com/reel/Ck2SwIOLGQi/"
"https://www.instagram.com/reel/Ck0sIw9OzfR/","https://www.instagram.com/reel/Ckzt94Sjd94/","https://www.instagram.com/reel/CkxKSwNLcYe/","https://www.instagram.com/reel/Ckv99NypKxm/"
"https://www.instagram.com/reel/CkumQ5PNoft/","https://www.instagram.com/reel/Ckthb8nv4ME/","https://www.instagram.com/reel/CktFEIAL-42/","https://www.instagram.com/reel/CksBP_3jPoD/"
"https://www.instagram.com/reel/Ckq3eIgpMTs/","https://www.instagram.com/reel/CkoQq84Jt-y/","https://www.instagram.com/reel/CkkJE7arUQK/","https://www.instagram.com/reel/CkimkB4uOBW/"
"https://www.instagram.com/reel/Ckht7LVpGoS/","https://www.instagram.com/reel/Cke_qryrilV/","https://www.instagram.com/reel/CkdalTvPedX/","https://www.instagram.com/reel/CkcYX2tJYjq/"
"https://www.instagram.com/reel/Cka12PsueUZ/","https://www.instagram.com/reel/CkZ3EqTMA_Y/","https://www.instagram.com/reel/CkYXV74vnbh/","https://www.instagram.com/reel/CkXSzr_g94N/"
"https://www.instagram.com/reel/CkVySjqPqM-/","https://www.instagram.com/reel/CkUtkd0OTn3/","https://www.instagram.com/reel/CkTOL_hOdkh/","https://www.instagram.com/reel/CkPjKU2MUxD/"
"https://www.instagram.com/reel/CkN_yUxsQDk/","https://www.instagram.com/reel/CkM8kZQuWLL/","https://www.instagram.com/reel/CkLaEVms_MY/","https://www.instagram.com/reel/CkKa_Zhj0KJ/"
"https://www.instagram.com/reel/CkI2okgPyrV/","https://www.instagram.com/reel/CkHx1fSs4ya/","https://www.instagram.com/reel/CkGQTHrDc-_/","https://www.instagram.com/reel/CkFPjuMLrUi/"
"https://www.instagram.com/reel/CkDr_24J6ZE/","https://www.instagram.com/reel/CkBJGPutloV/","https://www.instagram.com/reel/CkABsOLO2sV/","https://www.instagram.com/reel/Cj-hDxDsrlC/"
"https://www.instagram.com/reel/Cj8Z8Y2sEMj/","https://www.instagram.com/reel/Cj74iGgOLIi/","https://www.instagram.com/reel/Cj48jgTDghd/","https://www.instagram.com/reel/Cj2uUtosOuY/"
"https://www.instagram.com/reel/Cj0qZi8vQHf/","https://www.instagram.com/reel/Cj0N-YdjiY6/","https://www.instagram.com/reel/Cjy_lKdu73O/","https://www.instagram.com/reel/Cjxhxx2rkj2/"
"https://www.instagram.com/reel/CjvAlH2P86I/","https://www.instagram.com/reel/CjskuOvA0w1/","https://www.instagram.com/reel/CjrQHCaO9bi/","https://www.instagram.com/reel/CjEUf8hDoih/"
"https://www.instagram.com/reel/CjCoLs-DRsn/","https://www.instagram.com/reel/Ci_-Jn8vnXW/","https://www.instagram.com/reel/Ci-7ZXtu_uQ/","https://www.instagram.com/reel/Ci6k5DmDHeH/"
"https://www.instagram.com/reel/Ci3UPGaPMXY/","https://www.instagram.com/reel/Ci0YaWSJcNH/","https://www.instagram.com/reel/CizAfouDwpa/","https://www.instagram.com/reel/Cix-i7rOInj/"
"https://www.instagram.com/reel/CixMCyvLeXp/","https://www.instagram.com/reel/Civ5X7Sv-A-/","https://www.instagram.com/reel/Cit50N3OXyG/","https://www.instagram.com/reel/CisJWBkrJd_/"
"https://www.instagram.com/reel/CirIpiGuyCn/","https://www.instagram.com/reel/CiomdXJsTHM/","https://www.instagram.com/reel/Cim-eTLO2iN/","https://www.instagram.com/reel/CimoQI2May4/"
"https://www.instagram.com/reel/CimDxUVPYGx/","https://www.instagram.com/reel/CikzqKhpbmp/","https://www.instagram.com/reel/CijlG--L9S9/","https://www.instagram.com/reel/Cih2OX4Pax0/"
"https://www.instagram.com/reel/Cig4go4DR0B/","https://www.instagram.com/reel/CieX7_Dtr00/","https://www.instagram.com/reel/CidAeO7J5CI/","https://www.instagram.com/reel/Cicp0JeJ1IP/"
"https://www.instagram.com/reel/Cibs1HfMWZo/","https://www.instagram.com/reel/CiaKpt6Owwk/","https://www.instagram.com/reel/CiZNYVDrfKr/","https://www.instagram.com/reel/CiXHwcXv99H/"
"https://www.instagram.com/reel/CiVfHMpJxKe/","https://www.instagram.com/reel/CiU7MGWDSSS/","https://www.instagram.com/reel/CiT8qIZM2Gh/","https://www.instagram.com/reel/CiSbx_kokjq/"
"https://www.instagram.com/reel/CiRW8tHPu-M/","https://www.instagram.com/reel/CiP6TZXICqR/","https://www.instagram.com/reel/CiMKr-vuIGW/","https://www.instagram.com/reel/CiLZrTwv-lJ/"
"https://www.instagram.com/reel/CiK3wJeMqrA/","https://www.instagram.com/reel/CiJq3vsJeUN/","https://www.instagram.com/reel/CiItWXrsHSf/","https://www.instagram.com/reel/CiIMe2RMXOV/"
"https://www.instagram.com/reel/CiHESTyPimC/","https://www.instagram.com/reel/CiGn8Eqtj8u/","https://www.instagram.com/reel/CiFrbHMuTHQ/","https://www.instagram.com/reel/CiDBrPzLT2_/"
"https://www.instagram.com/reel/CiB3OvBs6Cn/","https://www.instagram.com/reel/CiAYApxPJWU/","https://www.instagram.com/reel/Ch_c5ILgIH7/","https://www.instagram.com/reel/Ch91SLpD8Qj/"
"https://www.instagram.com/reel/Ch8xqQhprdf/","https://www.instagram.com/reel/Ch7RaJANj3X/","https://www.instagram.com/reel/Ch6LwW7Pmby/","https://www.instagram.com/reel/Ch4poZqtcGB/"
"https://www.instagram.com/reel/Ch3w2uZD-CN/","https://www.instagram.com/reel/Ch2C_TFLgec/","https://www.instagram.com/reel/Chzhmt9DflK/","https://www.instagram.com/reel/ChycvqNgfEQ/"
"https://www.instagram.com/reel/Chw_xk_ueyh/","https://www.instagram.com/reel/ChvJzUDLh5x/","https://www.instagram.com/reel/ChudISlMmKd/","https://www.instagram.com/reel/ChtVujeOLMc/"
"https://www.instagram.com/reel/Chr34fmMc0M/","https://www.instagram.com/reel/ChqwsB6ujlM/","https://www.instagram.com/reel/ChpQUi1Mz2K/","https://www.instagram.com/reel/ChoTWFrNAL8/"
"https://www.instagram.com/reel/Chm_4Ncp0sV/","https://www.instagram.com/reel/ChmqcEoN-EV/","https://www.instagram.com/reel/Chkw9F2P0re/","https://www.instagram.com/reel/ChkEkiArsVX/"
"https://www.instagram.com/reel/ChiEzW-PjQf/","https://www.instagram.com/reel/ChhgBHfsQYQ/","https://www.instagram.com/reel/ChggJTFsUtI/","https://www.instagram.com/reel/ChfT9t_O0pN/"
"https://www.instagram.com/reel/Chd5t62pQ4I/","https://www.instagram.com/reel/ChcZXzvrsYk/","https://www.instagram.com/reel/ChaHuzMp13m/","https://www.instagram.com/reel/ChZvWsTshHe/"
"https://www.instagram.com/reel/ChXsxUdJRV_/","https://www.instagram.com/reel/ChXP6Fgusqi/","https://www.instagram.com/reel/ChWKWzdFdn2/","https://www.instagram.com/reel/ChUx1kRsSZs/"
"https://www.instagram.com/reel/ChTokLHMR0f/","https://www.instagram.com/reel/ChSiQmRPdFn/","https://www.instagram.com/reel/ChSP3z7r5UN/","https://www.instagram.com/reel/ChRDhwAP5j5/"
"https://www.instagram.com/reel/ChPtGqflrrY/","https://www.instagram.com/reel/ChOhZ-oslW6/","https://www.instagram.com/reel/ChNC5_mvOEy/","https://www.instagram.com/reel/ChL4EjalNtp/"
"https://www.instagram.com/reel/ChK1B_juJRm/","https://www.instagram.com/reel/ChKXfceAjkH/","https://www.instagram.com/reel/ChJSOCYjd9W/","https://www.instagram.com/reel/ChHvY1tuRyj/"
"https://www.instagram.com/reel/ChGvcccP2_A/","https://www.instagram.com/reel/ChFKpPEvnOc/","https://www.instagram.com/reel/ChEJZHdszZD/","https://www.instagram.com/reel/ChC-L5rNw9e/"
"https://www.instagram.com/reel/ChCheO3DD8I/","https://www.instagram.com/reel/ChBjIjXFe7U/","https://www.instagram.com/reel/ChAkP1duwu_/","https://www.instagram.com/reel/Cg_FK-zFZiP/"
"https://www.instagram.com/reel/Cg9Zvg6pNla/","https://www.instagram.com/reel/Cg8aqE7Ob4Q/","https://www.instagram.com/reel/Cg63s_tDtRH/","https://www.instagram.com/reel/Cg56NtDjLk0/"
"https://www.instagram.com/reel/Cg4rlW9JfId/","https://www.instagram.com/reel/Cg3Wdu2PEPZ/","https://www.instagram.com/reel/Cg2I_DYAO3V/","https://www.instagram.com/reel/Cg0p6D0jcZa/"
"https://www.instagram.com/reel/CgzFM4kMVqP/","https://www.instagram.com/reel/CgyLKuble7L/","https://www.instagram.com/reel/CgxkyO5lr9f/","https://www.instagram.com/reel/Cgt83vKjnZP/"
"https://www.instagram.com/reel/CgspvsJDEE7/","https://www.instagram.com/reel/CgsSThgui6n/","https://www.instagram.com/reel/CgrYA0MDSQy/","https://www.instagram.com/reel/Cgny80cPmTl/"
"https://www.instagram.com/reel/CglOhHYJVDL/","https://www.instagram.com/reel/CgkNjTYpLMM/","https://www.instagram.com/reel/CgjtU43l6X6/","https://www.instagram.com/reel/CgipFQWsvMW/"
"https://www.instagram.com/reel/CghpWwClf33/","https://www.instagram.com/reel/CggHIGuOHbS/","https://www.instagram.com/reel/CgcESvWNkVw/","https://www.instagram.com/reel/CgbMO7MpH7z/"
"https://www.instagram.com/reel/CgYZX37uQdC/","https://www.instagram.com/reel/CgVzwU0rvST/","https://www.instagram.com/reel/CgULc0_jEtc/","https://www.instagram.com/reel/CgSN_BolU9w/"
"https://www.instagram.com/reel/CgRrjcSMxiV/","https://www.instagram.com/reel/CgLeD_oO7WL/","https://www.instagram.com/reel/CgJ6TI0DGHq/","https://www.instagram.com/reel/CgI5YlylNoe/"
"https://www.instagram.com/reel/CgHc535pYW-/","https://www.instagram.com/reel/CgGTxGyDyqm/","https://www.instagram.com/reel/CgE42Vxu4E8/","https://www.instagram.com/reel/CgDCPjMu9I1/"
"https://www.instagram.com/reel/CgCTAsosrqa/","https://www.instagram.com/reel/CgBLlrtpDeL/","https://www.instagram.com/reel/CgAZlC2JvO5/","https://www.instagram.com/reel/Cf-AH4wtv9h/"
"https://www.instagram.com/reel/Cf9TrSfupA6/","https://www.instagram.com/reel/Cf8DcbSM4CC/","https://www.instagram.com/reel/Cf5r945P8Vc/","https://www.instagram.com/reel/Cf5Sre-l8YK/"
"https://www.instagram.com/reel/Cf3__IfsziO/","https://www.instagram.com/reel/Cf24PZ0vAnc/","https://www.instagram.com/reel/Cf14m6XsARZ/","https://www.instagram.com/reel/Cf0XRXPL0ND/"
"https://www.instagram.com/reel/Cfy2U78prPi/","https://www.instagram.com/reel/Cfx2DuOlC3D/","https://www.instagram.com/reel/CfwR5nMNezv/","https://www.instagram.com/reel/CfvItijL-d1/"
"https://www.instagram.com/reel/CfrmbcKubsW/","https://www.instagram.com/reel/CfqE47jFLO3/","https://www.instagram.com/reel/Cfo9uVBJ70M/","https://www.instagram.com/reel/CfofXaBr0YH/"
"https://www.instagram.com/reel/CfmsOJYvg17/","https://www.instagram.com/reel/CfhxZ6XuQSP/","https://www.instagram.com/reel/CfftWDcv5Oa/","https://www.instagram.com/reel/CfeHq_pOeYS/"
"https://www.instagram.com/reel/CfdIuCGuP6-/","https://www.instagram.com/reel/CfblXnItn7K/","https://www.instagram.com/reel/CfajLLsPzrj/","https://www.instagram.com/reel/CfZTdN2OX3e/"
"https://www.instagram.com/reel/CfX-8yxPoFL/","https://www.instagram.com/reel/CfWdYx0Posz/","https://www.instagram.com/reel/CfVp7iktZRQ/","https://www.instagram.com/reel/CfT67GBuDZk/"
"https://www.instagram.com/reel/CfS4id-AiYw/","https://www.instagram.com/reel/CfRRtgWuVED/","https://www.instagram.com/reel/CfQTzctAM1r/","https://www.instagram.com/reel/CfOsOnPL4IW/"
"https://www.instagram.com/reel/CfNwRruPML5/","https://www.instagram.com/reel/CfLEWfyL07v/","https://www.instagram.com/reel/CfJ0bFMILFa/","https://www.instagram.com/reel/CfJfZwvs6fF/"
"https://www.instagram.com/reel/CfEXN-Zv_30/","https://www.instagram.com/reel/CfDYTaNPF_P/","https://www.instagram.com/reel/CfB2L9Bsp4b/","https://www.instagram.com/reel/CfA2bgGpGLq/"
"https://www.instagram.com/reel/Ce-Q6wlrIhg/","https://www.instagram.com/reel/Ce9MQ23JvSf/","https://www.instagram.com/reel/Ce8ozIJsFw2/","https://www.instagram.com/reel/Ce6BpUXNw4R/"
"https://www.instagram.com/reel/Ce3fIAgL9ku/","https://www.instagram.com/reel/Ce2g3rnJ22U/","https://www.instagram.com/reel/Cez7h4uMd6C/","https://www.instagram.com/reel/CeyaYlasxt7/"
"https://www.instagram.com/reel/CexXQR9vOGX/","https://www.instagram.com/reel/Ceuv5SXOylR/","https://www.instagram.com/reel/CetUAf8sfpX/","https://www.instagram.com/reel/Cepoc85LfCJ/"
"https://www.instagram.com/reel/CeoEigfMNqD/","https://www.instagram.com/reel/CenDaj4PzYN/","https://www.instagram.com/reel/CelXiEaMqbh/","https://www.instagram.com/reel/CekgC4AMyLZ/"
"https://www.instagram.com/reel/Cei6aeKrAty/","https://www.instagram.com/reel/Ceh9p_-PBlZ/","https://www.instagram.com/reel/CegWiXWM5Fq/","https://www.instagram.com/reel/CefWq7FuQ7P/"
"https://www.instagram.com/reel/Cecx9GCP-rT/","https://www.instagram.com/reel/CebE-9SDVFY/","https://www.instagram.com/reel/CeY7hMYNW1v/","https://www.instagram.com/reel/CeYgYMNjYqn/"
"https://www.instagram.com/reel/CeXmsHAvq_J/","https://www.instagram.com/reel/CeWBamYvtN_/","https://www.instagram.com/reel/CeVGu7IF8F-/","https://www.instagram.com/reel/CeRMK6jOUqf/"
"https://www.instagram.com/reel/CeP6FKIszUn/","https://www.instagram.com/reel/CeOm-onjrtR/","https://www.instagram.com/reel/CeNSIb_thWX/","https://www.instagram.com/reel/CeKxjQUva1q/"
"https://www.instagram.com/reel/CeGlUYZr1xf/","https://www.instagram.com/reel/CeFmNvhMFFo/","https://www.instagram.com/reel/CeDFuG4pobJ/","https://www.instagram.com/reel/CeB2fhepTOR/"
"https://www.instagram.com/reel/CeAdrIEtYi5/","https://www.instagram.com/reel/Cd_Z9P0D5hz/","https://www.instagram.com/reel/Cd-1kK-s3R1/","https://www.instagram.com/reel/Cd8cQreu5E_/"
"https://www.instagram.com/reel/Cd4vx8yuz9f/","https://www.instagram.com/reel/Cd2PK1DMrTi/","https://www.instagram.com/reel/Cdzw0DilqLk/","https://www.instagram.com/reel/Cdx_x2vj90g/"
"https://www.instagram.com/reel/Cds4rhAP0Cq/","https://www.instagram.com/reel/CdqY7m7jNNM/","https://www.instagram.com/reel/CdpZ9vOOezA/","https://www.instagram.com/reel/CdmuKiHpG2R/"
"https://www.instagram.com/reel/CdibkyCtDpl/","https://www.instagram.com/reel/Cdf6ou6svyo/","https://www.instagram.com/reel/Cde9WVQO5LF/","https://www.instagram.com/reel/CddkYvXsQBC/"
"https://www.instagram.com/reel/CdcZO3eMN-_/","https://www.instagram.com/reel/CdblkFbM4C9/","https://www.instagram.com/reel/CdY1lAupWhM/","https://www.instagram.com/reel/CdXUcgEL8Mz/"
"https://www.instagram.com/reel/CdWwCfxrlrA/","https://www.instagram.com/reel/CdUvPg2vfmr/","https://www.instagram.com/reel/CdTMGlULBsl/","https://www.instagram.com/reel/CdQfgmrPyye/"
"https://www.instagram.com/reel/CdPuxioNuGW/","https://www.instagram.com/reel/CdM979qrqHE/","https://www.instagram.com/reel/CdLnZySth6H/","https://www.instagram.com/reel/CdKmBZ9JDWl/"
"https://www.instagram.com/reel/CdGJLTfr0HX/","https://www.instagram.com/reel/CdAW1SuLx0m/","https://www.instagram.com/reel/Cc8BPs4D33v/","https://www.instagram.com/reel/Cc6yPqtM_ji/"
"https://www.instagram.com/reel/Cc5YEcyoRcr/","https://www.instagram.com/reel/Cc16Ej4vD-l/","https://www.instagram.com/reel/Ccy7wtXJAB7/","https://www.instagram.com/reel/CcwpsjosSkz/"
"https://www.instagram.com/reel/CcuCXLVlShG/","https://www.instagram.com/reel/CcsiJSwv2on/","https://www.instagram.com/reel/CcngxIfsROd/","https://www.instagram.com/reel/Cckn-5yo72S/"
"https://www.instagram.com/reel/CcjwxjRuv3H/","https://www.instagram.com/reel/CciX_hlrJsk/","https://www.instagram.com/reel/CcdakFRpMEy/","https://www.instagram.com/reel/Ccc_xEEMNjF/"
"https://www.instagram.com/reel/CccED_5FYUH/","https://www.instagram.com/reel/CcaVu6iFASe/","https://www.instagram.com/reel/CcVWNUmo99S/","https://www.instagram.com/reel/CcS3pM_OmWA/"
"https://www.instagram.com/reel/CcRva5kLaQo/","https://www.instagram.com/reel/CcPPDn-PeyP/","https://www.instagram.com/reel/CcMjiiYMopI/","https://www.instagram.com/reel/CcLgPv7sInX/"
"https://www.instagram.com/reel/CcKDk6wsdWj/","https://www.instagram.com/reel/CcHaF4NMCYX/","https://www.instagram.com/reel/CcE5OZkuWQF/","https://www.instagram.com/reel/CcDOVdCr4NJ/"
"https://www.instagram.com/reel/CcBp0Gxsusl/","https://www.instagram.com/reel/CcBDhYtp61j/","https://www.instagram.com/reel/CcAnYJsuCqR/","https://www.instagram.com/reel/Cb_10b3LzFx/"
"https://www.instagram.com/reel/Cb-Cu90FDs7/","https://www.instagram.com/reel/Cb8mBhPMz5e/","https://www.instagram.com/reel/Cb7hFjdMUIa/","https://www.instagram.com/reel/Cb6k1SBspBe/"
"https://www.instagram.com/reel/Cb3-rQ4r9VO/","https://www.instagram.com/reel/Cb2seNyNwe2/","https://www.instagram.com/reel/Cb2Ud-Vty_D/","https://www.instagram.com/reel/Cb1Y6NUDNvH/"
"https://www.instagram.com/reel/Cby0A7cMcH4/","https://www.instagram.com/reel/CbyO-N1s__1/","https://www.instagram.com/reel/CbwWXaWpSzA/","https://www.instagram.com/reel/CbvWnlxMinY/"
"https://www.instagram.com/reel/Cbtr1AkMJI4/","https://www.instagram.com/reel/CbtEFGbOtVX/","https://www.instagram.com/reel/Cbp0fu3NP06/","https://www.instagram.com/reel/CbpXBChLdlA/"
"https://www.instagram.com/reel/CbohAfTMjlH/","https://www.instagram.com/reel/Cbn4o21sG39/","https://www.instagram.com/reel/Cbl_DMAtm5s/","https://www.instagram.com/reel/CblWik0Od3y/"
"https://www.instagram.com/reel/CbjWxg3t9cp/","https://www.instagram.com/reel/CbfIGdiPvIx/","https://www.instagram.com/reel/CbeQEaTj1b4/","https://www.instagram.com/reel/CbbpHCEDl2h/"
"https://www.instagram.com/reel/CbZed0YLGbD/","https://www.instagram.com/reel/CbXZ6e-Oi9T/","https://www.instagram.com/reel/CbWinrqOmpn/","https://www.instagram.com/reel/CbVJDiDDEZx/"
"https://www.instagram.com/reel/CbSR_JPLduF/","https://www.instagram.com/reel/CbRm6Jyt7El/","https://www.instagram.com/reel/CbPqWWsM5v2/","https://www.instagram.com/reel/CbO1Wj5M6Qr/"
"https://www.instagram.com/reel/CbLBrlUroYR/","https://www.instagram.com/reel/CbJojKbAjbp/","https://www.instagram.com/reel/CbH76qIJtpG/","https://www.instagram.com/reel/CbFYz__vG38/"
"https://www.instagram.com/reel/CbEhDaZLB74/","https://www.instagram.com/reel/CbC63RgrutB/","https://www.instagram.com/reel/CbCGdtegcir/","https://www.instagram.com/reel/Ca95y5QAlv1/"
"https://www.instagram.com/reel/Ca85zQugEQn/","https://www.instagram.com/reel/Ca7RtOKgyJF/","https://www.instagram.com/reel/Ca6RLROvPcq/","https://www.instagram.com/reel/Ca5MYzxF4wL/"
"https://www.instagram.com/reel/Ca4vQLWKoOA/","https://www.instagram.com/reel/Ca2HxmLOE58/","https://www.instagram.com/reel/CazrEMbM9oa/","https://www.instagram.com/reel/Caylf9etWr3/"
"https://www.instagram.com/reel/CawAC1QuAI1/","https://www.instagram.com/reel/CauiLEsOm6N/","https://www.instagram.com/reel/CatN2GIgH64/","https://www.instagram.com/reel/CapKEeTg30s/"
"https://www.instagram.com/reel/Cal8jE9Pv-2/","https://www.instagram.com/reel/CajMXM6FUlT/","https://www.instagram.com/reel/CahZ7WOFDMP/","https://www.instagram.com/reel/CafX3z9MUQI/"
"https://www.instagram.com/reel/Cae8nEAvzsU/","https://www.instagram.com/reel/Cad-sURuC18/","https://www.instagram.com/reel/CacyVrvDGLl/","https://www.instagram.com/reel/CacbXVyvQpC/"
"https://www.instagram.com/reel/CabZ4PbttWr/","https://www.instagram.com/reel/CaaPB0HDrrO/","https://www.instagram.com/reel/CaY3dd9pNyR/","https://www.instagram.com/reel/CaWQTult6_t/"
"https://www.instagram.com/reel/CaUja6KLWoC/","https://www.instagram.com/reel/CaRIUouuD4W/","https://www.instagram.com/reel/CaOk6Hhtrns/","https://www.instagram.com/reel/CaK2rAzMfwu/"
"https://www.instagram.com/reel/CaKgNYfgqK9/","https://www.instagram.com/reel/CaJUSzvPmEE/","https://www.instagram.com/reel/CaG5_ZerUKm/","https://www.instagram.com/reel/CaFIGRMpAUt/"
"https://www.instagram.com/reel/CaEOTsSsKx9/","https://www.instagram.com/reel/CaCYw-ZuM-n/","https://www.instagram.com/reel/CaBtbvRrSWY/","https://www.instagram.com/reel/CZ_E-EmsmYX/"
"https://www.instagram.com/reel/CZ9xVSzJ55t/","https://www.instagram.com/reel/CZ8fWFKvOFb/","https://www.instagram.com/reel/CZ6yg4iJXAQ/","https://www.instagram.com/reel/CZ57bxGviXJ/"
"https://www.instagram.com/reel/CZ4WXdZNMQc/","https://www.instagram.com/reel/CZ3lg79gJn9/","https://www.instagram.com/reel/CZ119zIMspV/","https://www.instagram.com/reel/CZ0vTq8LuN9/"
"https://www.instagram.com/reel/CZzFAT7PCkq/","https://www.instagram.com/reel/CZvpvzjJlh7/","https://www.instagram.com/reel/CZr2mcNDqf-/","https://www.instagram.com/reel/CZqfguAAokG/"
"https://www.instagram.com/reel/CZn64cVuN7t/","https://www.instagram.com/reel/CZmWxHUsRHS/","https://www.instagram.com/reel/CZlbkT8LcN-/","https://www.instagram.com/reel/CZk3v3zA69H/"
"https://www.instagram.com/reel/CZhELWyAoSU/","https://www.instagram.com/reel/CZgP1emPsRl/","https://www.instagram.com/reel/CZeo7m3gsWK/","https://www.instagram.com/reel/CZcG2tMFNWl/"
"https://www.instagram.com/reel/CZbN6bes0yH/","https://www.instagram.com/reel/CZZRlUbvw4Q/","https://www.instagram.com/reel/CZYXhEPNt-z/","https://www.instagram.com/reel/CZXBndash4O/"
"https://www.instagram.com/reel/CZTZ8PEAp_8/","https://www.instagram.com/reel/CZSleudsN0c/","https://www.instagram.com/reel/CZRWS9rP1rQ/","https://www.instagram.com/reel/CZQlESqPrF3/"
"https://www.instagram.com/reel/CZOP25nLX7F/","https://www.instagram.com/reel/CZLttsHMwjt/","https://www.instagram.com/reel/CZGYXo8PGJm/","https://www.instagram.com/reel/CZD5Cv1sNM_/"
"https://www.instagram.com/reel/CZCAArjjNp2/","https://www.instagram.com/reel/CY-Fx98OsAc/","https://www.instagram.com/reel/CY8Ox6CrQdQ/","https://www.instagram.com/reel/CY5ela6uM6H/"
"https://www.instagram.com/reel/CY4FyHHup7J/","https://www.instagram.com/reel/CY1vXUGFg1q/","https://www.instagram.com/reel/CY0SuXrLEoS/","https://www.instagram.com/reel/CYxwqVzt3k2/"
"https://www.instagram.com/reel/CYvaP3BAzUR/","https://www.instagram.com/reel/CYszb5vggzC/","https://www.instagram.com/reel/CYjfAztrC0S/","https://www.instagram.com/reel/CYf88AYre5L/"
"https://www.instagram.com/reel/CYdMqH7FQhN/","https://www.instagram.com/reel/CYZa676p_oP/","https://www.instagram.com/reel/CYVgicFgExb/","https://www.instagram.com/reel/CYUEQZMgCMV/"
"https://www.instagram.com/reel/CYS_NxyFmOX/","https://www.instagram.com/reel/CYRdvqWMS1h/","https://www.instagram.com/reel/CYOpV3ZMjyG/","https://www.instagram.com/reel/CYNnuLEP78D/"
"https://www.instagram.com/reel/CYMi1C3MmH0/","https://www.instagram.com/reel/CYKuFXdlllT/","https://www.instagram.com/reel/CYIqeiJuoU4/","https://www.instagram.com/reel/CYHoC7NAFnZ/"
"https://www.instagram.com/reel/CYCtazYslll/","https://www.instagram.com/reel/CYCBkjGPgOD/","https://www.instagram.com/reel/CYA1m-BMK8a/","https://www.instagram.com/reel/CX_bbntlJ3j/"
"https://www.instagram.com/reel/CX-YkIuroAv/","https://www.instagram.com/reel/CX6Qw-YFpJh/","https://www.instagram.com/reel/CX2eW4YAz_U/","https://www.instagram.com/reel/CX08-QnJ05D/"
"https://www.instagram.com/reel/CXv8_VhvKz-/","https://www.instagram.com/reel/CXuz3bktV0N/","https://www.instagram.com/reel/CXqzhFINFa-/","https://www.instagram.com/reel/CXoqbjnM9Cd/"
"https://www.instagram.com/reel/CXnKYnTLh2H/","https://www.instagram.com/reel/CXkv6vJL4xi/","https://www.instagram.com/reel/CXjKISKJQJX/","https://www.instagram.com/reel/CXiEa1YMl3I/"
"https://www.instagram.com/reel/CXdCUc6Mm4n/","https://www.instagram.com/reel/CXaPtFhgVrJ/","https://www.instagram.com/reel/CXVXE7BtfiG/","https://www.instagram.com/reel/CXSsNuLrEmk/"
"https://www.instagram.com/reel/CXPDiq9lK_H/","https://www.instagram.com/reel/CXOZhkyJY5C/","https://www.instagram.com/reel/CXL9secpuOr/","https://www.instagram.com/reel/CXJyzk9BC-_/"
"https://www.instagram.com/reel/CXFrvahNB6V/","https://www.instagram.com/reel/CW-EMsNLg7d/","https://www.instagram.com/reel/CWzg64UrLzX/","https://www.instagram.com/reel/CWwWMZsJ1l2/"
"https://www.instagram.com/reel/CWrzvccPHQe/","https://www.instagram.com/reel/CWn3d51Jk1A/","https://www.instagram.com/reel/CWlgEXoFLN3/","https://www.instagram.com/reel/CWkODWdvU1m/"
"https://www.instagram.com/reel/CWf8I81lrQz/","https://www.instagram.com/reel/CWbCgc0p_RM/","https://www.instagram.com/reel/CWYXQKTpAuO/","https://www.instagram.com/reel/CWWNDG2sY6s/"
"https://www.instagram.com/reel/CWPooYpJQl8/","https://www.instagram.com/reel/CWI8-4HJcFb/","https://www.instagram.com/reel/CWGkF_roqaB/","https://www.instagram.com/reel/CWBjoBDlN39/"
"https://www.instagram.com/reel/CV-nmZrp_7F/","https://www.instagram.com/reel/CV5lgf2Dn9Z/","https://www.instagram.com/reel/CV29E4uJozJ/","https://www.instagram.com/reel/CV0UaKcJai_/"
"https://www.instagram.com/reel/CVx0ogjrci4/","https://www.instagram.com/reel/CVvMLOVprlj/","https://www.instagram.com/reel/CVsfQwDDtgH/","https://www.instagram.com/reel/CVf4zhRlXYQ/"
"https://www.instagram.com/reel/CVa15ENllI0/","https://www.instagram.com/reel/CVNvVrNgtve/","https://www.instagram.com/reel/CVDiolSrzlk/","https://www.instagram.com/reel/CVBSo3_LuH6/"
"https://www.instagram.com/reel/CUxhAaFj3n0/","https://www.instagram.com/reel/CUm-NejA33c/","https://www.instagram.com/reel/CUfeuFOp2rF/","https://www.instagram.com/reel/CUaPjbCs6is/"
"https://www.instagram.com/reel/CUVGIyBMjUc/","https://www.instagram.com/reel/CUNdM78Llx7/","https://www.instagram.com/reel/CUK5JWyJxdw/","https://www.instagram.com/reel/CT5eropjDSJ/"
"https://www.instagram.com/reel/CTqDGnNNX4d/","https://www.instagram.com/reel/CTnjyCmFc0D/","https://www.instagram.com/reel/CTiXXwaHXbk/","https://www.instagram.com/reel/CTfjEjKBY4M/"
"https://www.instagram.com/reel/CTZ7Nt7HSUD/","https://www.instagram.com/reel/CTXDIE2nazQ/","https://www.instagram.com/reel/CTSATAiHvKI/","https://www.instagram.com/reel/CTPWReSHRYq/"
"https://www.instagram.com/reel/CTNBDHwnAC4/","https://www.instagram.com/reel/CTKa9DfHE6i/","https://www.instagram.com/reel/CTH4Pr4npk2/","https://www.instagram.com/reel/CTFUNxenENu/"
"https://www.instagram.com/reel/CTANU7xHOo4/","https://www.instagram.com/reel/CS566nkHGE4/","https://www.instagram.com/reel/CS0r8oyHf5q/","https://www.instagram.com/reel/CSxyKYtnwYY/"
"https://www.instagram.com/reel/CStyKUQHkJ-/","https://www.instagram.com/reel/CSr7uzkpZSs/","https://www.instagram.com/reel/CSo7VLlnIml/","https://www.instagram.com/reel/CSmBTX1nR6l/"
"https://www.instagram.com/reel/CSf0Q-RnKcv/","https://www.instagram.com/reel/CSdmZhun846/","https://www.instagram.com/reel/CSUYVYiHLKl/","https://www.instagram.com/reel/CSOPMi3HWin/"
"https://www.instagram.com/reel/CR08G-Bno8b/","https://www.instagram.com/reel/CRDb1u8nMLT/","https://www.instagram.com/reel/CQtF_1_ndP0/","https://www.instagram.com/reel/CQnOtbOnTdv/"
"https://www.instagram.com/reel/CQfNd5zHRo4/","https://www.instagram.com/reel/CQWs2KanbbN/","https://www.instagram.com/reel/CQTiHGPnZV-/","https://www.instagram.com/reel/CQK8_vKn_CI/"
"https://www.instagram.com/reel/CQFgRWznyrZ/","https://www.instagram.com/reel/CP--P8tH7vC/","https://www.instagram.com/reel/CP59VhSHO_n/","https://www.instagram.com/reel/CP3gLS7DECw/"
"https://www.instagram.com/reel/CPyOyDfHND4/","https://www.instagram.com/reel/CPtK1PBHM3j/","https://www.instagram.com/reel/CPdm0ubnOGn/","https://www.instagram.com/reel/CPa-4BbnI6z/"
"https://www.instagram.com/reel/CPJkg1tnNFW/","https://www.instagram.com/reel/CPEEzbBnGdw/","https://www.instagram.com/reel/CO-zEA-HxGH/","https://www.instagram.com/reel/CO0Vn1zH_Ue/"
"https://www.instagram.com/reel/COndS7xnSdQ/","https://www.instagram.com/reel/COfwFNhH031/","https://www.instagram.com/reel/COav1zQnmR5/","https://www.instagram.com/reel/COQSVXPnr-4/"
"https://www.instagram.com/reel/COGvXp0nboc/","https://www.instagram.com/reel/COAzjJoHCyA/","https://www.instagram.com/reel/CN-RLTinkQN/","https://www.instagram.com/reel/CN5IRyVHTyT/"
"https://www.instagram.com/reel/CN0h3KRnmjo/","https://www.instagram.com/reel/CNsQa3kHQdJ/","https://www.instagram.com/reel/CNkmXfWHEw_/","https://www.instagram.com/reel/CNX_04wncUZ/"
"https://www.instagram.com/reel/CNVOce8nRXY/","https://www.instagram.com/reel/CNK-seCHqSx/","https://www.instagram.com/reel/CNIHwYLncPC/","https://www.instagram.com/reel/CM-b6McnqmQ/"
"https://www.instagram.com/reel/CM7dgGOHKh7/","https://www.instagram.com/reel/CMuiceEn3MZ/","https://www.instagram.com/reel/CMmsWd6HJCK/","https://www.instagram.com/reel/CMgSr2HHRix/"
"https://www.instagram.com/reel/CMVZ8XunRX7/","https://www.instagram.com/reel/CMPsKDMHr18/","https://www.instagram.com/reel/CMH3ApFnjA-/","https://www.instagram.com/reel/CMAW7Shn40y/"
"https://www.instagram.com/reel/CL16xAHnuV_/","https://www.instagram.com/reel/CLuNUruFZfS/","https://www.instagram.com/reel/CLewl48HyX3/","https://www.instagram.com/reel/CLUdwbAHW9X/"
"https://www.instagram.com/reel/CLFAkx-HPlm/","https://www.instagram.com/reel/CK1lcw9HvSq/","https://www.instagram.com/reel/CKrYlUgHqnd/","https://www.instagram.com/reel/CJ1NepGndvH/"
"https://www.instagram.com/reel/CJeDZ05HgxW/","https://www.instagram.com/reel/CJWaLARnwOc/","https://www.instagram.com/reel/CI8jgvCnyBc/","https://www.instagram.com/reel/CIqm20VHDcg/"
"https://www.instagram.com/reel/CIhXaw0Hfzf/","https://www.instagram.com/reel/CIdmW4hHy9r/","https://www.instagram.com/reel/CITXoR7HVhY/","https://www.instagram.com/reel/CIGikUuH5p0/"
"https://www.instagram.com/reel/CH27XCrn1bH/","https://www.instagram.com/reel/CH0msuNn3VY/","https://www.instagram.com/reel/CHykLoLHFIw/","https://www.instagram.com/reel/CHjYO6qnTrt/"
"https://www.instagram.com/reel/CHiYYz2H2eZ/","https://www.instagram.com/reel/CHdLg1jnomd/","https://www.instagram.com/reel/CHS5UdhHa7d/","https://www.instagram.com/reel/CHLInlnnu-X/"
"https://www.instagram.com/reel/CGu1qHfHIP1/","https://www.instagram.com/reel/CGkwchKHEUC/","https://www.instagram.com/reel/CGczHIhHGDQ/","https://www.instagram.com/reel/CGIDepnHB8I/"
"https://www.instagram.com/reel/CF95DaWnQYp/","https://www.instagram.com/reel/CFznKloHP49/","https://www.instagram.com/reel/CFpaqRoHw8-/","https://www.instagram.com/reel/CFkItGLH3n7/"
"https://www.instagram.com/reel/CFXM1x4nVoc/","https://www.instagram.com/reel/CFUjkG7nzl0/","https://www.instagram.com/reel/CFNDGgKHcCS/","https://www.instagram.com/reel/CFAHoYmnble/"
"https://www.instagram.com/reel/CE4oXR7nNnd/","https://www.instagram.com/reel/CEwpIwVnUIj/","https://www.instagram.com/reel/CErd4YFp_0P/","https://www.instagram.com/reel/CEhLMcOHVtY/"
"https://www.instagram.com/reel/CEcGmvnnAzW/","https://www.instagram.com/reel/CEWv-Riny1i/","https://www.instagram.com/reel/CEMfTZYHWdb/","https://www.instagram.com/reel/CEHbR3cnKa_/"
"https://www.instagram.com/reel/CECuofEHj-Q/","https://www.instagram.com/reel/CD6hnuYnE5Q/","https://www.instagram.com/reel/CD3u5s7nnSk/","https://www.instagram.com/reel/CDy0tPJnp_G/"
"https://www.instagram.com/reel/CDv9lbbHjTR/","https://www.instagram.com/reel/CDuKHyQnol2/","https://www.instagram.com/reel/B-pV7pknlY-/","https://www.instagram.com/reel/B-UnqtJnxtD/"
"https://www.instagram.com/reel/B-KXcwRHfdu/","https://www.instagram.com/reel/B94UFlGnTR-/","https://www.instagram.com/reel/B8ZKI13H0pH/","https://www.instagram.com/reel/B6dyFk9nflD/"
"https://www.instagram.com/reel/B55daQ1nRhm/","https://www.instagram.com/reel/B5raX1RnqX4/","https://www.instagram.com/reel/B5Nr_tnntCg/","https://www.instagram.com/reel/B4ybGtInQMZ/"
"https://www.instagram.com/reel/B4HoLTXH4g8/","https://www.instagram.com/reel/B3MLdumnEKI/","https://www.instagram.com/reel/B202AeynYoG/","https://www.instagram.com/reel/B2rNJKKHUMZ/"
"https://www.instagram.com/reel/B1xcGuwnB0y/","https://www.instagram.com/reel/B1eDSjMnnMm/","https://www.instagram.com/reel/B0bPnl-nzou/","https://www.instagram.com/reel/Bzv8Bm4HKNg/"
"https://www.instagram.com/reel/Bzikwykn8zo/","https://www.instagram.com/reel/Bzfyam2HzsP/","https://www.instagram.com/reel/Bya0Rqxnk71/","https://www.instagram.com/reel/ByTi65Zn5Oo/"
"https://www.instagram.com/reel/ByFgn44HP-f/","https://www.instagram.com/reel/Bx7g-jPnYfO/","https://www.instagram.com/reel/BwzWcSqBASG/","https://www.instagram.com/reel/BwPbjxxhN2P/"
"https://www.instagram.com/reel/BwGYBK9hdOG/","https://www.instagram.com/reel/BvrhT8CB9i6/","https://www.instagram.com/reel/BvoouJkhptS/","https://www.instagram.com/reel/BvmfePzDBwU/"
"https://www.instagram.com/reel/BunR8BxhS5h/","https://www.instagram.com/reel/Bt84F6vBPXc/","https://www.instagram.com/reel/BtnFBQWBTdn/","https://www.instagram.com/reel/Bs8Zpp6BrMr/"
"https://www.instagram.com/reel/BslN9sNB-n6/","https://www.instagram.com/reel/BsdIHtTBrIP/","https://www.instagram.com/reel/BsbR6tJh51E/","https://www.instagram.com/reel/BsYCBGjh2vT/"
"https://www.instagram.com/reel/BsTYTMvhupt/","https://www.instagram.com/reel/BrvZh5ahvX4/","https://www.instagram.com/reel/BroFN5ZBSMG/","https://www.instagram.com/reel/BrhASk2BHn_/"
"https://www.instagram.com/reel/BrVTGgDh33e/","https://www.instagram.com/reel/BrEdMDVlxmB/","https://www.instagram.com/reel/BquxDnaBkeO/","https://www.instagram.com/reel/BqpqWyUBhg-/"
"https://www.instagram.com/reel/Bqii58DB6Hw/","https://www.instagram.com/reel/BqEO4Tyh4KY/","https://www.instagram.com/reel/Bob7FE7Bocd/","https://www.instagram.com/reel/BmNDRnQldTW/"
"https://www.instagram.com/reel/BmJiB5mBDCv/","https://www.instagram.com/reel/BmAGr0mHnIW/","https://www.instagram.com/reel/Bl8Qa8cBF3z/","https://www.instagram.com/reel/BlvfPnpgpIi/"
"https://www.instagram.com/reel/BldDr7fnw8g/","https://www.instagram.com/reel/BlVYH-9nNcO/","https://www.instagram.com/reel/BlBzYsoFiHV/","https://www.instagram.com/reel/Bj9I-8slp73/"
"https://www.instagram.com/reel/BjWQs4xl-8M/","https://www.instagram.com/reel/Bi4Ictfl_se/","https://www.instagram.com/reel/BiXcf6Tl9hL/","https://www.instagram.com/reel/Bhw4htdFwkX/"
"https://www.instagram.com/reel/BhuUb7WlJHW/","https://www.instagram.com/reel/BhGx9lllZYm/","https://www.instagram.com/reel/Bg1tUphFuIu/","https://www.instagram.com/reel/Bgk6MGOFbx-/"
"https://www.instagram.com/reel/BgJqlDqlZiQ/","https://www.instagram.com/reel/BfvAn0Flqtr/","https://www.instagram.com/reel/Bdr0Nv1lOvz/","https://www.instagram.com/reel/BddcYXsFDtC/"
"https://www.instagram.com/reel/BdZU-BbFDba/","https://www.instagram.com/reel/BdIQ9kAF4Qm/","https://www.instagram.com/reel/BcByEOuF2Fo/","https://www.instagram.com/reel/Bb7HpVAlzRM/"
"https://www.instagram.com/reel/BblP0hSlJY3/","https://www.instagram.com/reel/BaCIk_-FTYo/","https://www.instagram.com/reel/BZWWZboFAsh/","https://www.instagram.com/reel/BYom1gTluaQ/"
"https://www.instagram.com/reel/BXWQ3IFlXe3/","https://www.instagram.com/reel/BXCg2HJFxUx/","https://www.instagram.com/reel/BWaNnM8F9n0/","https://www.instagram.com/reel/BU6zhzsFQYE/"
"https://www.instagram.com/reel/BUUEp1sl01k/","https://www.instagram.com/reel/BUJtmP8FeCG/","https://www.instagram.com/reel/BTx5GhhFOzf/","https://www.instagram.com/reel/BTl1BFUlzdz/"
"https://www.instagram.com/reel/BTdIpDXFtCV/","https://www.instagram.com/reel/BTX7eS5FMC2/","https://www.instagram.com/reel/BTJVzvPFOdO/","https://www.instagram.com/reel/BTASGTBFyxS/"
"https://www.instagram.com/reel/BSvreo9A-Wv/","https://www.instagram.com/reel/BStUJ6CgP_n/","https://www.instagram.com/reel/BSYtU8KAD91/","https://www.instagram.com/reel/BSEia65g3bR/"
"https://www.instagram.com/reel/BRs29ZRA3rO/","https://www.instagram.com/reel/BRRHXysgfIZ/","https://www.instagram.com/reel/BQn87XlAzQA/","https://www.instagram.com/reel/BQQ1aWgDGmA/"
"https://www.instagram.com/reel/BPqQmdcj8Yb/","https://www.instagram.com/reel/BPXQDnQD4UC/","https://www.instagram.com/reel/BOIhYTig6Ut/","https://www.instagram.com/reel/BNg5I74jpVI/"
"https://www.instagram.com/reel/BLT7NFbjuDL/","https://www.instagram.com/reel/BLG4cr0jEzH/","https://www.instagram.com/reel/BKcaZY1DPzS/","https://www.instagram.com/reel/BKHmy8-DvVu/"
"https://www.instagram.com/reel/BJwo8WnjC13/","https://www.instagram.com/reel/BJbb7q9j0nh/","https://www.instagram.com/reel/BGZKskPBt_V/","https://www.instagram.com/reel/BFcQT7pht1o/"
"https://www.instagram.com/reel/BCpOhJQBt6Y/","https://www.instagram.com/reel/BB5f4Z3Bt-I/","https://www.instagram.com/reel/BB5Y6UxBtxM/","https://www.instagram.com/reel/BB04Nekht05/"
"https://www.instagram.com/reel/BBxqPIXBt8P/","https://www.instagram.com/reel/BBn5XP6htyo/","https://www.instagram.com/reel/BBnXJnqht9t/","https://www.instagram.com/reel/BA80PQoBtw2/"
"https://www.instagram.com/reel/_s7sJSht0x/","https://www.instagram.com/reel/_UDij-Bt6a/","https://www.instagram.com/reel/ybIeKNBtwW/","https://www.instagram.com/reel/wJGE6LBt9J/"
"https://www.instagram.com/reel/v0f_stBt6B/","https://www.instagram.com/reel/vsyEd0ht7k/","https://www.instagram.com/reel/lrB7viBt3R/",""